sha256	bytes	path
b5b4f905bdc87936615f897d9f1f0f4aa3e1e069fec3662c1ff61d0f1ccd0eb7	118	assets/css/admin-review.css
c008bbb09c6fe2ceff2019a9c48157c7b24877054e59701dad6aa8c8ec2dc481	505	assets/css/admin.css
982b6bb579556d3c11a9943f6d20bbb004ab43f20b4da425e2cc6ac76feceb8e	210	assets/css/avatar.css
7510e8bcee81ac8ac9312956db1c4fc0dac8e297b817928fa966b89e87e88646	6801	assets/css/news.css
439ac0d0558e89e7dff45853330648772d78dabc86b1187210dd2b90b3dbab4e	3213	assets/js/news.js
5fa9c47cb0d7e6b0971705a58c2859dd9ecf863f4c8ac2f80217a7b17dc5570a	9616	includes/class-snp-activator.php
8cf1444e77594d56746695779ffb7ec9739d6a1be0c7cdaaa35da59600359024	16888	includes/class-snp-admin.php
5da3a25227f9a68ad081d16d41aa123e926ab8f1207596caf988dfe82e793f46	5523	includes/class-snp-audit.php
4a41069dd2aa65b92cec89e9b64207ee883bf62701c5670f23a222663f5db8f7	3396	includes/class-snp-comments.php
ecff218255e34af54568c7fa7f09155c19c5894676cedeca88173bc9532f20d0	3524	includes/class-snp-content.php
b24d157959f8b2b278e27fd88bbcd6a6067ac12f28ba8ee3e4caf290a3b0b4e7	13230	includes/class-snp-feed.php
8f119c3c9376561b36c51ad6b1b11c5c748818a874c88378c88fde921892936e	12550	includes/class-snp-interactions.php
0a88828760cae9d7f43e6b8611001f5e0c15885b0d9e8af26096604a4c71cf82	10750	includes/class-snp-media.php
cfa60148c7eb57b35621e4a15b24f4db983bc5642c26206ab99042ad0b68a0ed	2584	includes/class-snp-membership-adapter.php
fbb0886f50eab4378fd049ff126ab87b37fed651952e8c17a5f773f3fc3295db	1001	includes/class-snp-notification-adapter.php
9aaa030d7d5dcec2af77c7c27f32cfabe2f49af194b4c3031350de7c515bb0b6	3179	includes/class-snp-permissions.php
26f1e2ced5e842297cc26b39fd7538f706f707581410bf08108c91f5e70a0d51	6264	includes/class-snp-plugin.php
2dd66134b65ae05019a647fc0791fd65f2f760cfadb4e11248690ffa6af09946	7415	includes/class-snp-privacy.php
41158327f03ff3a40c3f4ae47498f77eb4127c9eed7a9170fa511512cc2041a2	2827	includes/class-snp-profile-adapter.php
951e12ebcdac4d00d3da77a2df9a56afa573f9fdbdf700245bdc5842e958c331	9815	includes/class-snp-publication-state.php
60e96e6cdf3293b622d869424764e2cb407088353978a3b99e6d9670e324998e	13706	includes/class-snp-publishing.php
69b4dc5d2ba66359a5aa12cfdb9784b2524866e4fcec22899e2327c9e74a7505	1397	includes/class-snp-rate-limiter.php
6187576d3b7e483f5cd5c523b69e139f1cfcd7b3e8e810ed674c6eeeb91869ec	1592	includes/class-snp-seo.php
0c49159f17a9476c8f0ca9e0a3c1f3bc31db6a3647b3660673bdd5e67d166eb1	3414	readme.txt
f3c61e98cf26d3a4142d14e2e9db375f9dd9be2d880dd9d5e72b824f0616dfd2	2086	sabri-news-publishing.php
794e10ccc213a1eb3f0776d2526838b0fc80d1d74a9c1c5a8ebcffb5f0786285	2108	uninstall.php
